{"version": "1", "message": "ERROR: Hidden Testcases server unreachable.", "problem_id": "ads2_m16_a1_1", "user_id": "ASairithwikmahateja", "score": {"sample": {"0": {"execution_time": 0.8009653091430664, "passed": false}, "1": {"execution_time": 0.33440279960632324, "passed": false}, "2": {"execution_time": 0.5620594024658203, "passed": false}, "3": {"execution_time": 0.49425625801086426, "passed": false}, "4": {"execution_time": 0.5052721500396729, "passed": false}, "5": {"execution_time": 0.4994080066680908, "passed": false}, "6": {"execution_time": 0.4572281837463379, "passed": false}, "7": {"execution_time": 0.5117270946502686, "passed": false}, "8": {"execution_time": 0.47943997383117676, "passed": false}, "9": {"execution_time": 0.4744703769683838, "passed": false}, "10": {"execution_time": 0.5396957397460938, "passed": false}, "11": {"execution_time": 0.2705399990081787, "passed": false}, "12": {"execution_time": 0.5026025772094727, "passed": false}, "13": {"execution_time": 0.29569125175476074, "passed": true}, "14": {"execution_time": 0.4897584915161133, "passed": false}, "15": {"execution_time": 0.4537510871887207, "passed": false}, "16": {"execution_time": 0.28223633766174316, "passed": false}, "17": {"execution_time": 0.3285038471221924, "passed": false}, "18": {"execution_time": 0.3202688694000244, "passed": false}, "19": {"execution_time": 0.33405089378356934, "passed": false}, "20": {"execution_time": 0.3253934383392334, "passed": false}, "21": {"execution_time": 0.6019291877746582, "passed": false}, "22": {"execution_time": 0.39196348190307617, "passed": false}, "23": {"execution_time": 0.3626675605773926, "passed": false}, "24": {"execution_time": 0.2840719223022461, "passed": true}, "25": {"execution_time": 0.5115938186645508, "passed": false}, "26": {"execution_time": 0.6467006206512451, "passed": false}, "27": {"execution_time": 0.4621002674102783, "passed": false}, "28": {"execution_time": 0.5932648181915283, "passed": false}, "29": {"execution_time": 0.5012927055358887, "passed": false}}}, "check_style_score": "0/1"}