{"version": "1", "message": "ERROR: Hidden Testcases server unreachable.", "problem_id": "ads2_m16_a1_1", "user_id": "ASairithwikmahateja", "score": {"sample": {"0": {"execution_time": 0.551854133605957, "passed": true}, "1": {"execution_time": 0.2979764938354492, "passed": true}, "2": {"execution_time": 0.7218561172485352, "passed": true}, "3": {"execution_time": 0.6777055263519287, "passed": true}, "4": {"execution_time": 0.6608035564422607, "passed": true}, "5": {"execution_time": 0.7043163776397705, "passed": true}, "6": {"execution_time": 0.7088487148284912, "passed": true}, "7": {"execution_time": 0.6585731506347656, "passed": true}, "8": {"execution_time": 0.34235429763793945, "passed": true}, "9": {"execution_time": 0.6836082935333252, "passed": true}, "10": {"execution_time": 0.6608743667602539, "passed": true}, "11": {"execution_time": 3.9850518703460693, "passed": true}, "12": {"execution_time": 0.776989221572876, "passed": true}, "13": {"execution_time": 0.3879687786102295, "passed": true}, "14": {"execution_time": 0.8871023654937744, "passed": true}, "15": {"execution_time": 1.2017762660980225, "passed": true}, "16": {"execution_time": 0.6343042850494385, "passed": true}, "17": {"execution_time": 0.5545175075531006, "passed": true}, "18": {"execution_time": 0.713092565536499, "passed": true}, "19": {"execution_time": 0.553518533706665, "passed": true}, "20": {"execution_time": 0.663226842880249, "passed": true}, "21": {"execution_time": 0.5634942054748535, "passed": true}, "22": {"execution_time": 0.6652209758758545, "passed": true}, "23": {"execution_time": 0.6412866115570068, "passed": true}, "24": {"execution_time": 0.4218721389770508, "passed": true}, "25": {"execution_time": 1.1239964962005615, "passed": true}, "26": {"execution_time": 1.3085007667541504, "passed": true}, "27": {"execution_time": 0.9044818878173828, "passed": true}, "28": {"execution_time": 1.1928513050079346, "passed": true}, "29": {"execution_time": 0.25232577323913574, "passed": true}}}, "check_style_score": "0/1"}