{"version": "1", "message": "ERROR: Hidden Testcases server unreachable.", "problem_id": "ads2_m16_a1_1", "user_id": "ASairithwikmahateja", "score": {"sample": {"0": {"execution_time": 0.33637166023254395, "passed": true}, "1": {"execution_time": 0.3393065929412842, "passed": true}, "2": {"execution_time": 0.6973705291748047, "passed": true}, "3": {"execution_time": 0.8227081298828125, "passed": true}, "4": {"execution_time": 0.8949141502380371, "passed": true}, "5": {"execution_time": 0.7978982925415039, "passed": true}, "6": {"execution_time": 0.7102227210998535, "passed": true}, "7": {"execution_time": 0.8782994747161865, "passed": true}, "8": {"execution_time": 0.49671006202697754, "passed": true}, "9": {"execution_time": 0.9233603477478027, "passed": true}, "10": {"execution_time": 0.7408778667449951, "passed": true}, "11": {"execution_time": 7.737592458724976, "passed": true}, "12": {"execution_time": 1.139268398284912, "passed": true}, "13": {"execution_time": 0.43773889541625977, "passed": true}, "14": {"execution_time": 1.126279592514038, "passed": true}, "15": {"execution_time": 1.1418368816375732, "passed": true}, "16": {"execution_time": 0.5694169998168945, "passed": true}, "17": {"execution_time": 0.535853385925293, "passed": true}, "18": {"execution_time": 0.5803487300872803, "passed": true}, "19": {"execution_time": 0.47159790992736816, "passed": true}, "20": {"execution_time": 0.5250353813171387, "passed": true}, "21": {"execution_time": 0.46191978454589844, "passed": true}, "22": {"execution_time": 0.6621410846710205, "passed": true}, "23": {"execution_time": 0.6610839366912842, "passed": true}, "24": {"execution_time": 0.3840670585632324, "passed": true}, "25": {"execution_time": 1.1436872482299805, "passed": true}, "26": {"execution_time": 1.0115246772766113, "passed": true}, "27": {"execution_time": 1.2184746265411377, "passed": true}, "28": {"execution_time": 2.115673303604126, "passed": true}, "29": {"execution_time": 0.2752559185028076, "passed": true}}}, "check_style_score": "0/1"}