{"version": "1", "message": "ERROR: Hidden Testcases server unreachable.", "problem_id": "ads2_m16_a1_1", "user_id": "ASairithwikmahateja", "score": {"sample": {"0": {"execution_time": 0.8455042839050293, "passed": false}, "1": {"execution_time": 0.38668274879455566, "passed": false}, "2": {"execution_time": 0.7812459468841553, "passed": false}, "3": {"execution_time": 0.8527612686157227, "passed": false}, "4": {"execution_time": 0.5934023857116699, "passed": false}, "5": {"execution_time": 0.6259446144104004, "passed": false}, "6": {"execution_time": 0.6768991947174072, "passed": false}, "7": {"execution_time": 0.8431878089904785, "passed": false}, "8": {"execution_time": 0.45422792434692383, "passed": false}, "9": {"execution_time": 0.8240914344787598, "passed": false}, "10": {"execution_time": 0.6586694717407227, "passed": false}, "11": {"execution_time": 0.32892894744873047, "passed": false}, "12": {"execution_time": 0.8127620220184326, "passed": false}, "13": {"execution_time": 0.3856794834136963, "passed": true}, "14": {"execution_time": 0.6734733581542969, "passed": false}, "15": {"execution_time": 0.7520005702972412, "passed": false}, "16": {"execution_time": 0.5088412761688232, "passed": false}, "17": {"execution_time": 0.3573594093322754, "passed": true}, "18": {"execution_time": 0.36576223373413086, "passed": false}, "19": {"execution_time": 0.37676143646240234, "passed": false}, "20": {"execution_time": 0.5703330039978027, "passed": false}, "21": {"execution_time": 0.4938833713531494, "passed": false}, "22": {"execution_time": 0.5951378345489502, "passed": false}, "23": {"execution_time": 0.36964893341064453, "passed": false}, "24": {"execution_time": 0.5682663917541504, "passed": true}, "25": {"execution_time": 1.0381050109863281, "passed": false}, "26": {"execution_time": 0.844714879989624, "passed": false}, "27": {"execution_time": 1.1033961772918701, "passed": false}, "28": {"execution_time": 2.075295925140381, "passed": false}, "29": {"execution_time": 0.6772191524505615, "passed": false}}}, "check_style_score": "0/1"}