{"version": "1", "message": "ERROR: Hidden Testcases server unreachable.", "problem_id": "ads2_m16_a1_1", "user_id": "ASairithwikmahateja", "score": {"sample": {"0": {"execution_time": 0.33012914657592773, "passed": false}, "1": {"execution_time": 0.4654085636138916, "passed": false}, "2": {"execution_time": 0.8738634586334229, "passed": false}, "3": {"execution_time": 0.6596460342407227, "passed": false}, "4": {"execution_time": 0.6261277198791504, "passed": false}, "5": {"execution_time": 0.6441383361816406, "passed": false}, "6": {"execution_time": 0.7488207817077637, "passed": false}, "7": {"execution_time": 0.7893199920654297, "passed": false}, "8": {"execution_time": 0.3610692024230957, "passed": false}, "9": {"execution_time": 0.6663367748260498, "passed": false}, "10": {"execution_time": 0.6485569477081299, "passed": false}, "11": {"execution_time": 0.564810037612915, "passed": false}, "12": {"execution_time": 0.6169729232788086, "passed": false}, "13": {"execution_time": 0.4417541027069092, "passed": true}, "14": {"execution_time": 0.6438615322113037, "passed": false}, "15": {"execution_time": 0.655911922454834, "passed": false}, "16": {"execution_time": 0.4569821357727051, "passed": false}, "17": {"execution_time": 0.344728946685791, "passed": true}, "18": {"execution_time": 0.5084397792816162, "passed": false}, "19": {"execution_time": 0.38991332054138184, "passed": false}, "20": {"execution_time": 0.37119555473327637, "passed": false}, "21": {"execution_time": 0.4444420337677002, "passed": false}, "22": {"execution_time": 0.39684391021728516, "passed": false}, "23": {"execution_time": 0.46603870391845703, "passed": false}, "24": {"execution_time": 0.3970510959625244, "passed": true}, "25": {"execution_time": 0.6488485336303711, "passed": false}, "26": {"execution_time": 0.6090703010559082, "passed": false}, "27": {"execution_time": 0.6347520351409912, "passed": false}, "28": {"execution_time": 1.3191602230072021, "passed": false}, "29": {"execution_time": 0.28962182998657227, "passed": true}}}, "check_style_score": "0/1"}