{"version": "1", "message": "ERROR: Hidden Testcases server unreachable.", "problem_id": "ads2_m16_a1_1", "user_id": "ASairithwikmahateja", "score": {"sample": {"0": {"execution_time": 0.3736259937286377, "passed": true}, "1": {"execution_time": 0.3433253765106201, "passed": true}, "2": {"execution_time": 0.8296258449554443, "passed": true}, "3": {"execution_time": 0.8100252151489258, "passed": true}, "4": {"execution_time": 0.9328622817993164, "passed": true}, "5": {"execution_time": 0.7338886260986328, "passed": true}, "6": {"execution_time": 0.7568042278289795, "passed": true}, "7": {"execution_time": 0.8546185493469238, "passed": true}, "8": {"execution_time": 0.6330263614654541, "passed": true}, "9": {"execution_time": 1.1060853004455566, "passed": true}, "10": {"execution_time": 1.1072380542755127, "passed": true}, "11": {"execution_time": 8.302395105361938, "passed": true}, "12": {"execution_time": 1.1505482196807861, "passed": true}, "13": {"execution_time": 0.5105888843536377, "passed": true}, "14": {"execution_time": 1.3033301830291748, "passed": true}, "15": {"execution_time": 1.1915276050567627, "passed": true}, "16": {"execution_time": 0.6700329780578613, "passed": true}, "17": {"execution_time": 0.37905073165893555, "passed": true}, "18": {"execution_time": 0.4897594451904297, "passed": true}, "19": {"execution_time": 0.5873327255249023, "passed": true}, "20": {"execution_time": 0.4431419372558594, "passed": true}, "21": {"execution_time": 0.39844751358032227, "passed": true}, "22": {"execution_time": 0.37746644020080566, "passed": true}, "23": {"execution_time": 0.3705558776855469, "passed": true}, "24": {"execution_time": 0.31528782844543457, "passed": true}, "25": {"execution_time": 0.7939209938049316, "passed": true}, "26": {"execution_time": 0.6053013801574707, "passed": true}, "27": {"execution_time": 0.8101682662963867, "passed": true}, "28": {"execution_time": 1.1988162994384766, "passed": true}, "29": {"execution_time": 0.27633213996887207, "passed": true}}}, "check_style_score": "0/1"}