{"version": "1", "message": "ERROR: Hidden Testcases server unreachable.", "problem_id": "ads2_m16_a1_1", "user_id": "ASairithwikmahateja", "score": {"sample": {"0": {"execution_time": 0.3369324207305908, "passed": true}, "1": {"execution_time": 0.3234825134277344, "passed": true}, "2": {"execution_time": 0.7133386135101318, "passed": true}, "3": {"execution_time": 0.7571084499359131, "passed": true}, "4": {"execution_time": 1.0829215049743652, "passed": true}, "5": {"execution_time": 0.7873165607452393, "passed": true}, "6": {"execution_time": 0.775888204574585, "passed": true}, "7": {"execution_time": 1.1105005741119385, "passed": true}, "8": {"execution_time": 0.5972535610198975, "passed": true}, "9": {"execution_time": 1.1355044841766357, "passed": true}, "10": {"execution_time": 1.2689943313598633, "passed": true}, "11": {"execution_time": 4.2540602684021, "passed": true}, "12": {"execution_time": 0.7169842720031738, "passed": true}, "13": {"execution_time": 0.31194639205932617, "passed": true}, "14": {"execution_time": 0.715336799621582, "passed": true}, "15": {"execution_time": 0.7565715312957764, "passed": true}, "16": {"execution_time": 0.4151272773742676, "passed": true}, "17": {"execution_time": 0.39490842819213867, "passed": true}, "18": {"execution_time": 0.41172075271606445, "passed": true}, "19": {"execution_time": 0.40949082374572754, "passed": true}, "20": {"execution_time": 0.41557836532592773, "passed": true}, "21": {"execution_time": 0.38693785667419434, "passed": true}, "22": {"execution_time": 0.36603450775146484, "passed": true}, "23": {"execution_time": 0.40620970726013184, "passed": true}, "24": {"execution_time": 0.3340296745300293, "passed": true}, "25": {"execution_time": 0.815697431564331, "passed": true}, "26": {"execution_time": 0.645437479019165, "passed": true}, "27": {"execution_time": 0.768953800201416, "passed": true}, "28": {"execution_time": 1.123321533203125, "passed": true}, "29": {"execution_time": 0.22441816329956055, "passed": true}}}, "check_style_score": "0/1"}