{"version": "1", "message": "ERROR: Hidden Testcases server unreachable.", "problem_id": "ads2_m16_a1_1", "user_id": "ASairithwikmahateja", "score": {"sample": {"0": {"execution_time": 0.962104082107544, "passed": true}, "1": {"execution_time": 0.30383849143981934, "passed": true}, "2": {"execution_time": 1.0756618976593018, "passed": true}, "3": {"execution_time": 0.8539369106292725, "passed": true}, "4": {"execution_time": 0.726839542388916, "passed": true}, "5": {"execution_time": 0.7910873889923096, "passed": true}, "6": {"execution_time": 0.7391035556793213, "passed": true}, "7": {"execution_time": 0.7847292423248291, "passed": true}, "8": {"execution_time": 0.6298422813415527, "passed": true}, "9": {"execution_time": 0.7503457069396973, "passed": true}, "10": {"execution_time": 0.7522811889648438, "passed": true}, "11": {"execution_time": 4.106454133987427, "passed": true}, "12": {"execution_time": 0.7572469711303711, "passed": true}, "13": {"execution_time": 0.2853972911834717, "passed": true}, "14": {"execution_time": 0.7210688591003418, "passed": true}, "15": {"execution_time": 0.7670242786407471, "passed": true}, "16": {"execution_time": 0.39891600608825684, "passed": true}, "17": {"execution_time": 0.37509799003601074, "passed": true}, "18": {"execution_time": 0.4243476390838623, "passed": true}, "19": {"execution_time": 0.41564035415649414, "passed": true}, "20": {"execution_time": 0.42449498176574707, "passed": true}, "21": {"execution_time": 0.3597593307495117, "passed": true}, "22": {"execution_time": 0.40225815773010254, "passed": true}, "23": {"execution_time": 0.40373873710632324, "passed": true}, "24": {"execution_time": 0.3203244209289551, "passed": true}, "25": {"execution_time": 0.749983549118042, "passed": true}, "26": {"execution_time": 0.6681501865386963, "passed": true}, "27": {"execution_time": 0.8022007942199707, "passed": true}, "28": {"execution_time": 1.4117133617401123, "passed": true}, "29": {"execution_time": 0.25513243675231934, "passed": true}}}, "check_style_score": "0/1"}