{"version": "1", "message": "ERROR: Hidden Testcases server unreachable.", "problem_id": "ads2_m16_a1_1", "user_id": "ASairithwikmahateja", "score": {"sample": {"0": {"execution_time": 0.2780270576477051, "passed": false}, "1": {"execution_time": 0.29761600494384766, "passed": false}, "2": {"execution_time": 0.6343739032745361, "passed": false}, "3": {"execution_time": 0.4948887825012207, "passed": false}, "4": {"execution_time": 0.4619405269622803, "passed": false}, "5": {"execution_time": 0.5405545234680176, "passed": false}, "6": {"execution_time": 0.5254678726196289, "passed": false}, "7": {"execution_time": 0.49564504623413086, "passed": false}, "8": {"execution_time": 0.3483412265777588, "passed": false}, "9": {"execution_time": 0.46215152740478516, "passed": false}, "10": {"execution_time": 0.5050210952758789, "passed": false}, "11": {"execution_time": 0.3083193302154541, "passed": false}, "12": {"execution_time": 0.4637453556060791, "passed": false}, "13": {"execution_time": 0.4235363006591797, "passed": true}, "14": {"execution_time": 0.5061237812042236, "passed": false}, "15": {"execution_time": 0.46656322479248047, "passed": false}, "16": {"execution_time": 0.4960494041442871, "passed": false}, "17": {"execution_time": 0.3639805316925049, "passed": false}, "18": {"execution_time": 0.3423736095428467, "passed": false}, "19": {"execution_time": 0.3396604061126709, "passed": false}, "20": {"execution_time": 0.39751696586608887, "passed": false}, "21": {"execution_time": 0.2995874881744385, "passed": false}, "22": {"execution_time": 0.3393123149871826, "passed": false}, "23": {"execution_time": 0.32709646224975586, "passed": false}, "24": {"execution_time": 0.3241407871246338, "passed": true}, "25": {"execution_time": 0.4421839714050293, "passed": false}, "26": {"execution_time": 0.42905592918395996, "passed": false}, "27": {"execution_time": 0.6969530582427979, "passed": false}, "28": {"execution_time": 0.6503148078918457, "passed": false}, "29": {"execution_time": 0.29865169525146484, "passed": false}}}, "check_style_score": "0/1"}