{"version": "1", "message": "ERROR: Hidden Testcases server unreachable.", "problem_id": "ads2_m16_a1_1", "user_id": "ASairithwikmahateja", "score": {"sample": {"0": {"execution_time": 0.2918851375579834, "passed": true}, "1": {"execution_time": 0.29890012741088867, "passed": true}, "2": {"execution_time": 1.0241167545318604, "passed": true}, "3": {"execution_time": 0.6534595489501953, "passed": true}, "4": {"execution_time": 0.8155086040496826, "passed": true}, "5": {"execution_time": 0.8209044933319092, "passed": true}, "6": {"execution_time": 1.1478383541107178, "passed": true}, "7": {"execution_time": 1.1074180603027344, "passed": true}, "8": {"execution_time": 0.5372574329376221, "passed": true}, "9": {"execution_time": 1.1829140186309814, "passed": true}, "10": {"execution_time": 1.15462327003479, "passed": true}, "11": {"execution_time": 7.173009157180786, "passed": true}, "12": {"execution_time": 1.1341776847839355, "passed": true}, "13": {"execution_time": 0.45499491691589355, "passed": true}, "14": {"execution_time": 1.2982313632965088, "passed": true}, "15": {"execution_time": 1.3136632442474365, "passed": true}, "16": {"execution_time": 0.62125563621521, "passed": true}, "17": {"execution_time": 0.7088286876678467, "passed": true}, "18": {"execution_time": 0.6298172473907471, "passed": true}, "19": {"execution_time": 0.6184344291687012, "passed": true}, "20": {"execution_time": 0.7488973140716553, "passed": true}, "21": {"execution_time": 0.6141464710235596, "passed": true}, "22": {"execution_time": 0.6274175643920898, "passed": true}, "23": {"execution_time": 0.5710413455963135, "passed": true}, "24": {"execution_time": 0.5598132610321045, "passed": true}, "25": {"execution_time": 0.7601969242095947, "passed": true}, "26": {"execution_time": 0.6215109825134277, "passed": true}, "27": {"execution_time": 0.9642369747161865, "passed": true}, "28": {"execution_time": 1.1683363914489746, "passed": true}, "29": {"execution_time": 0.24739670753479004, "passed": true}}}, "check_style_score": "0/1"}