{"version": "1", "message": "ERROR: Hidden Testcases server unreachable.", "problem_id": "ads2_m16_a1_1", "user_id": "ASairithwikmahateja", "score": {"sample": {"0": {"execution_time": 0.32450222969055176, "passed": false}, "1": {"execution_time": 0.359271764755249, "passed": false}, "2": {"execution_time": 0.6625120639801025, "passed": false}, "3": {"execution_time": 0.6756086349487305, "passed": false}, "4": {"execution_time": 0.7578887939453125, "passed": false}, "5": {"execution_time": 0.7116484642028809, "passed": false}, "6": {"execution_time": 1.041473627090454, "passed": false}, "7": {"execution_time": 1.0155019760131836, "passed": false}, "8": {"execution_time": 0.5610027313232422, "passed": false}, "9": {"execution_time": 0.7622461318969727, "passed": false}, "10": {"execution_time": 0.7432773113250732, "passed": false}, "11": {"execution_time": 0.33353495597839355, "passed": false}, "12": {"execution_time": 0.7554595470428467, "passed": false}, "13": {"execution_time": 0.47121143341064453, "passed": true}, "14": {"execution_time": 0.8215610980987549, "passed": false}, "15": {"execution_time": 0.7047321796417236, "passed": false}, "16": {"execution_time": 0.3616960048675537, "passed": false}, "17": {"execution_time": 0.5414857864379883, "passed": true}, "18": {"execution_time": 0.4494140148162842, "passed": false}, "19": {"execution_time": 0.6210277080535889, "passed": false}, "20": {"execution_time": 0.6854264736175537, "passed": false}, "21": {"execution_time": 0.5076093673706055, "passed": false}, "22": {"execution_time": 0.5740447044372559, "passed": false}, "23": {"execution_time": 0.6194419860839844, "passed": false}, "24": {"execution_time": 0.3773965835571289, "passed": true}, "25": {"execution_time": 0.8446321487426758, "passed": false}, "26": {"execution_time": 0.6740396022796631, "passed": false}, "27": {"execution_time": 1.121330738067627, "passed": false}, "28": {"execution_time": 1.659996509552002, "passed": false}, "29": {"execution_time": 0.3912489414215088, "passed": false}}}, "check_style_score": "0/1"}