{"version": "1", "message": "ERROR: Hidden Testcases server unreachable.", "problem_id": "ads2_m4_a1_1", "user_id": "ASairithwikmahateja", "score": {"sample": {"0": {"execution_time": 0.25577282905578613, "passed": false}, "1": {"execution_time": 0.25392961502075195, "passed": false}, "2": {"execution_time": 0.3152909278869629, "passed": false}, "3": {"execution_time": 0.26855993270874023, "passed": false}, "4": {"execution_time": 0.2094271183013916, "passed": false}, "5": {"execution_time": 0.21938729286193848, "passed": false}, "6": {"execution_time": 0.23464465141296387, "passed": false}, "7": {"execution_time": 0.22124075889587402, "passed": false}, "8": {"execution_time": 0.23865914344787598, "passed": false}, "9": {"execution_time": 0.23406720161437988, "passed": false}, "10": {"execution_time": 0.22064828872680664, "passed": false}, "11": {"execution_time": 0.21901822090148926, "passed": false}, "12": {"execution_time": 0.20387005805969238, "passed": false}, "13": {"execution_time": 1.0047247409820557, "passed": false}, "14": {"execution_time": 0.22296905517578125, "passed": false}}}, "check_style_score": "0/1"}