{"version": "1", "message": "ERROR: Hidden Testcases server unreachable.", "problem_id": "ads2_m4_a1_1", "user_id": "ASairithwikmahateja", "score": {"sample": {"0": {"execution_time": 0.25354552268981934, "passed": false}, "1": {"execution_time": 0.238631010055542, "passed": false}, "2": {"execution_time": 0.2838113307952881, "passed": false}, "3": {"execution_time": 0.3010978698730469, "passed": false}, "4": {"execution_time": 0.25284433364868164, "passed": false}, "5": {"execution_time": 0.23782086372375488, "passed": false}, "6": {"execution_time": 0.23963189125061035, "passed": false}, "7": {"execution_time": 0.2397441864013672, "passed": false}, "8": {"execution_time": 0.2693443298339844, "passed": false}, "9": {"execution_time": 0.2377781867980957, "passed": false}, "10": {"execution_time": 0.26853084564208984, "passed": false}, "11": {"execution_time": 0.22280049324035645, "passed": false}, "12": {"execution_time": 0.22160696983337402, "passed": false}, "13": {"execution_time": 1.050687551498413, "passed": false}, "14": {"execution_time": 0.270707368850708, "passed": false}}}, "check_style_score": "0/1"}