{"version": "1", "message": "ERROR: Hidden Testcases server unreachable.", "problem_id": "ads2_m4_a1_1", "user_id": "ASairithwikmahateja", "score": {"sample": {"0": {"execution_time": 0.29000043869018555, "passed": true}, "1": {"execution_time": 0.411358118057251, "passed": true}, "2": {"execution_time": 0.3448176383972168, "passed": true}, "3": {"execution_time": 0.34456968307495117, "passed": true}, "4": {"execution_time": 0.2225949764251709, "passed": true}, "5": {"execution_time": 0.3210024833679199, "passed": true}, "6": {"execution_time": 0.2891273498535156, "passed": true}, "7": {"execution_time": 0.24330973625183105, "passed": true}, "8": {"execution_time": 0.32608461380004883, "passed": true}, "9": {"execution_time": 0.2319960594177246, "passed": true}, "10": {"execution_time": 0.2007296085357666, "passed": true}, "11": {"execution_time": 0.2429337501525879, "passed": true}, "12": {"execution_time": 0.23898530006408691, "passed": true}, "13": {"execution_time": 1.367236614227295, "passed": true}, "14": {"execution_time": 0.21889209747314453, "passed": true}}}, "check_style_score": "0/1"}