{"version": "1", "message": "ERROR: Hidden Testcases server unreachable.", "problem_id": "ads2_m4_a1_1", "user_id": "ASairithwikmahateja", "score": {"sample": {"0": {"execution_time": 0.32190513610839844, "passed": true}, "1": {"execution_time": 0.25501084327697754, "passed": true}, "2": {"execution_time": 0.3727152347564697, "passed": true}, "3": {"execution_time": 0.3283514976501465, "passed": true}, "4": {"execution_time": 0.2544429302215576, "passed": true}, "5": {"execution_time": 0.23883533477783203, "passed": true}, "6": {"execution_time": 0.29846644401550293, "passed": true}, "7": {"execution_time": 0.277071475982666, "passed": true}, "8": {"execution_time": 0.3214855194091797, "passed": true}, "9": {"execution_time": 0.23067617416381836, "passed": true}, "10": {"execution_time": 0.27742505073547363, "passed": true}, "11": {"execution_time": 0.2660670280456543, "passed": true}, "12": {"execution_time": 0.2673499584197998, "passed": true}, "13": {"execution_time": 1.308215856552124, "passed": true}, "14": {"execution_time": 0.2279040813446045, "passed": true}}}, "check_style_score": "0/1"}