{"version": "1", "message": "ERROR: Hidden Testcases server unreachable.", "problem_id": "ads2_m4_a1_1", "user_id": "ASairithwikmahateja", "score": {"sample": {"0": {"execution_time": 0.25367164611816406, "passed": false}, "1": {"execution_time": 0.2685389518737793, "passed": false}, "2": {"execution_time": 0.28510522842407227, "passed": false}, "3": {"execution_time": 0.2863922119140625, "passed": false}, "4": {"execution_time": 0.22373032569885254, "passed": false}, "5": {"execution_time": 0.25343775749206543, "passed": false}, "6": {"execution_time": 0.20660638809204102, "passed": false}, "7": {"execution_time": 0.23928141593933105, "passed": false}, "8": {"execution_time": 0.2529585361480713, "passed": false}, "9": {"execution_time": 0.25246405601501465, "passed": false}, "10": {"execution_time": 0.23886466026306152, "passed": false}, "11": {"execution_time": 0.1883995532989502, "passed": false}, "12": {"execution_time": 0.1918354034423828, "passed": false}, "13": {"execution_time": 1.0026891231536865, "passed": false}, "14": {"execution_time": 0.25466156005859375, "passed": false}}}, "check_style_score": "0/1"}