{"version": "1", "message": "ERROR: Hidden Testcases server unreachable.", "problem_id": "ads2_m6_a1_1", "user_id": "ASairithwikmahateja", "score": {"sample": {"0": {"execution_time": 0.26235175132751465, "passed": false}, "1": {"execution_time": 0.24506878852844238, "passed": false}, "2": {"execution_time": 0.23156261444091797, "passed": false}, "3": {"execution_time": 0.28272414207458496, "passed": false}, "4": {"execution_time": 0.27637338638305664, "passed": false}, "5": {"execution_time": 0.34177517890930176, "passed": false}, "6": {"execution_time": 0.38414955139160156, "passed": false}, "7": {"execution_time": 0.3328428268432617, "passed": false}, "8": {"execution_time": 0.24574518203735352, "passed": false}, "9": {"execution_time": 0.39913320541381836, "passed": false}, "10": {"execution_time": 0.24858546257019043, "passed": false}, "11": {"execution_time": 0.3886547088623047, "passed": false}}}, "check_style_score": "0/1"}