{"version": "1", "message": "ERROR: Hidden Testcases server unreachable.", "problem_id": "ads2_m6_a1_1", "user_id": "ASairithwikmahateja", "score": {"sample": {"0": {"execution_time": 0.23014259338378906, "passed": false}, "1": {"execution_time": 0.23401451110839844, "passed": false}, "2": {"execution_time": 0.2431354522705078, "passed": false}, "3": {"execution_time": 0.20885682106018066, "passed": false}, "4": {"execution_time": 0.41591954231262207, "passed": false}, "5": {"execution_time": 0.2360074520111084, "passed": false}, "6": {"execution_time": 0.27149343490600586, "passed": false}, "7": {"execution_time": 0.24481606483459473, "passed": false}, "8": {"execution_time": 0.25572800636291504, "passed": false}, "9": {"execution_time": 0.34717631340026855, "passed": false}, "10": {"execution_time": 0.31104183197021484, "passed": false}, "11": {"execution_time": 0.3102290630340576, "passed": false}}}, "check_style_score": "0/1"}