{"version": "1", "message": "ERROR: Hidden Testcases server unreachable.", "problem_id": "ads2_m6_a1_1", "user_id": "ASairithwikmahateja", "score": {"sample": {"0": {"execution_time": 0.2699422836303711, "passed": false}, "1": {"execution_time": 0.29483890533447266, "passed": false}, "2": {"execution_time": 0.3175985813140869, "passed": false}, "3": {"execution_time": 0.26601552963256836, "passed": false}, "4": {"execution_time": 0.25995492935180664, "passed": false}, "5": {"execution_time": 0.2713510990142822, "passed": false}, "6": {"execution_time": 0.2624216079711914, "passed": false}, "7": {"execution_time": 0.27257776260375977, "passed": false}, "8": {"execution_time": 0.2427506446838379, "passed": false}, "9": {"execution_time": 0.2323927879333496, "passed": false}, "10": {"execution_time": 0.2325303554534912, "passed": false}, "11": {"execution_time": 0.2686033248901367, "passed": false}}}, "check_style_score": "0/1"}