{"version": "1", "message": "ERROR: Hidden Testcases server unreachable.", "problem_id": "ads2_m6_a1_1", "user_id": "ASairithwikmahateja", "score": {"sample": {"0": {"execution_time": 0.2936995029449463, "passed": false}, "1": {"execution_time": 0.284404993057251, "passed": false}, "2": {"execution_time": 0.4039347171783447, "passed": false}, "3": {"execution_time": 0.3346221446990967, "passed": false}, "4": {"execution_time": 0.3319370746612549, "passed": false}, "5": {"execution_time": 0.2412576675415039, "passed": false}, "6": {"execution_time": 0.37050771713256836, "passed": false}, "7": {"execution_time": 0.22091984748840332, "passed": false}, "8": {"execution_time": 0.2394869327545166, "passed": false}, "9": {"execution_time": 0.22137737274169922, "passed": false}, "10": {"execution_time": 0.21536946296691895, "passed": false}, "11": {"execution_time": 0.2303605079650879, "passed": false}}}, "check_style_score": "0/1"}