{"version": "1", "message": "ERROR: Hidden Testcases server unreachable.", "problem_id": "ads2_m6_a1_1", "user_id": "ASairithwikmahateja", "score": {"sample": {"0": {"execution_time": 0.3078644275665283, "passed": false}, "1": {"execution_time": 0.28948378562927246, "passed": false}, "2": {"execution_time": 0.2313215732574463, "passed": false}, "3": {"execution_time": 0.29932212829589844, "passed": false}, "4": {"execution_time": 0.33074164390563965, "passed": false}, "5": {"execution_time": 0.38195252418518066, "passed": false}, "6": {"execution_time": 0.25514864921569824, "passed": false}, "7": {"execution_time": 0.25528812408447266, "passed": false}, "8": {"execution_time": 0.21268939971923828, "passed": false}, "9": {"execution_time": 0.2392253875732422, "passed": false}, "10": {"execution_time": 0.38951945304870605, "passed": false}, "11": {"execution_time": 0.30762386322021484, "passed": false}}}, "check_style_score": "0/1"}