{"version": "1", "message": "ERROR: Hidden Testcases server unreachable.", "problem_id": "ads2_m6_a1_1", "user_id": "ASairithwikmahateja", "score": {"sample": {"0": {"execution_time": 0.22110915184020996, "passed": false}, "1": {"execution_time": 0.2042093276977539, "passed": false}, "2": {"execution_time": 0.20523309707641602, "passed": false}, "3": {"execution_time": 0.23724150657653809, "passed": false}, "4": {"execution_time": 0.2674753665924072, "passed": false}, "5": {"execution_time": 0.24573016166687012, "passed": false}, "6": {"execution_time": 0.3325209617614746, "passed": false}, "7": {"execution_time": 0.20328736305236816, "passed": false}, "8": {"execution_time": 0.21651554107666016, "passed": false}, "9": {"execution_time": 0.22229576110839844, "passed": false}, "10": {"execution_time": 0.22188353538513184, "passed": false}, "11": {"execution_time": 0.23593902587890625, "passed": false}}}, "check_style_score": "0/1"}