{"version": "1", "message": "ERROR: Hidden Testcases server unreachable.", "problem_id": "ads2_m6_a1_1", "user_id": "ASairithwikmahateja", "score": {"sample": {"0": {"execution_time": 0.3097493648529053, "passed": false}, "1": {"execution_time": 0.2543337345123291, "passed": false}, "2": {"execution_time": 0.24326109886169434, "passed": false}, "3": {"execution_time": 0.26363420486450195, "passed": false}, "4": {"execution_time": 0.25036096572875977, "passed": false}, "5": {"execution_time": 0.26569199562072754, "passed": false}, "6": {"execution_time": 0.24603796005249023, "passed": false}, "7": {"execution_time": 0.24131369590759277, "passed": false}, "8": {"execution_time": 0.24089574813842773, "passed": false}, "9": {"execution_time": 0.27353358268737793, "passed": false}, "10": {"execution_time": 0.27912354469299316, "passed": false}, "11": {"execution_time": 0.24704909324645996, "passed": false}}}, "check_style_score": "0/1"}