{"version": "1", "message": "ERROR: Hidden Testcases server unreachable.", "problem_id": "ads2_m6_a1_1", "user_id": "ASairithwikmahateja", "score": {"sample": {"0": {"execution_time": 0.3401057720184326, "passed": false}, "1": {"execution_time": 0.22186279296875, "passed": false}, "2": {"execution_time": 0.3510918617248535, "passed": false}, "3": {"execution_time": 0.30159473419189453, "passed": false}, "4": {"execution_time": 0.2314918041229248, "passed": false}, "5": {"execution_time": 0.24325847625732422, "passed": false}, "6": {"execution_time": 0.4726395606994629, "passed": false}, "7": {"execution_time": 0.23808574676513672, "passed": false}, "8": {"execution_time": 0.24179697036743164, "passed": false}, "9": {"execution_time": 0.2484896183013916, "passed": false}, "10": {"execution_time": 0.26629042625427246, "passed": false}, "11": {"execution_time": 0.37230968475341797, "passed": false}}}, "check_style_score": "0/1"}