{"version": "1", "message": "ERROR: Hidden Testcases server unreachable.", "problem_id": "ads2_m6_a1_1", "user_id": "ASairithwikmahateja", "score": {"sample": {"0": {"execution_time": 0.20991277694702148, "passed": false}, "1": {"execution_time": 0.22398090362548828, "passed": false}, "2": {"execution_time": 0.22558093070983887, "passed": false}, "3": {"execution_time": 0.2360060214996338, "passed": false}, "4": {"execution_time": 0.23495125770568848, "passed": false}, "5": {"execution_time": 0.3617374897003174, "passed": false}, "6": {"execution_time": 0.23366737365722656, "passed": false}, "7": {"execution_time": 0.22600078582763672, "passed": false}, "8": {"execution_time": 0.20170044898986816, "passed": false}, "9": {"execution_time": 0.22196722030639648, "passed": false}, "10": {"execution_time": 0.2190868854522705, "passed": false}, "11": {"execution_time": 0.21250367164611816, "passed": false}}}, "check_style_score": "0/1"}