{"version": "1", "message": "ERROR: Hidden Testcases server unreachable.", "problem_id": "ads2_m6_a1_1", "user_id": "ASairithwikmahateja", "score": {"sample": {"0": {"execution_time": 0.19698405265808105, "passed": false}, "1": {"execution_time": 0.28363966941833496, "passed": false}, "2": {"execution_time": 0.23840761184692383, "passed": false}, "3": {"execution_time": 0.2919297218322754, "passed": false}, "4": {"execution_time": 0.22457027435302734, "passed": false}, "5": {"execution_time": 0.2824845314025879, "passed": false}, "6": {"execution_time": 0.2694823741912842, "passed": false}, "7": {"execution_time": 0.2549445629119873, "passed": false}, "8": {"execution_time": 0.267000675201416, "passed": false}, "9": {"execution_time": 0.2637500762939453, "passed": false}, "10": {"execution_time": 0.2855348587036133, "passed": false}, "11": {"execution_time": 0.2331247329711914, "passed": false}}}, "check_style_score": "0/1"}