{"version": "1", "message": "ERROR: Hidden Testcases server unreachable.", "problem_id": "ads2_m6_a1_1", "user_id": "ASairithwikmahateja", "score": {"sample": {"0": {"execution_time": 0.23832082748413086, "passed": false}, "1": {"execution_time": 0.36745405197143555, "passed": false}, "2": {"execution_time": 0.24188470840454102, "passed": false}, "3": {"execution_time": 0.2510416507720947, "passed": false}, "4": {"execution_time": 0.25487732887268066, "passed": false}, "5": {"execution_time": 0.2766745090484619, "passed": false}, "6": {"execution_time": 0.3141918182373047, "passed": false}, "7": {"execution_time": 0.23955702781677246, "passed": false}, "8": {"execution_time": 0.25154542922973633, "passed": false}, "9": {"execution_time": 0.32538366317749023, "passed": false}, "10": {"execution_time": 0.2383582592010498, "passed": false}, "11": {"execution_time": 0.3926877975463867, "passed": false}}}, "check_style_score": "0/1"}