{"version": "1", "message": "ERROR: Hidden Testcases server unreachable.", "problem_id": "ads2_m6_a1_1", "user_id": "ASairithwikmahateja", "score": {"sample": {"0": {"execution_time": 0.6015589237213135, "passed": false}, "1": {"execution_time": 0.23497724533081055, "passed": false}, "2": {"execution_time": 0.21566510200500488, "passed": false}, "3": {"execution_time": 0.3171515464782715, "passed": false}, "4": {"execution_time": 0.3337841033935547, "passed": false}, "5": {"execution_time": 0.17520856857299805, "passed": false}, "6": {"execution_time": 0.2818477153778076, "passed": false}, "7": {"execution_time": 0.22471165657043457, "passed": false}, "8": {"execution_time": 0.20052599906921387, "passed": false}, "9": {"execution_time": 0.17704176902770996, "passed": false}, "10": {"execution_time": 0.17431426048278809, "passed": false}, "11": {"execution_time": 0.2121872901916504, "passed": false}}}, "check_style_score": "0/1"}