{"version": "1", "message": "ERROR: Hidden Testcases server unreachable.", "problem_id": "ads2_m6_a1_1", "user_id": "ASairithwikmahateja", "score": {"sample": {"0": {"execution_time": 0.26970362663269043, "passed": false}, "1": {"execution_time": 0.23419189453125, "passed": false}, "2": {"execution_time": 0.2128434181213379, "passed": false}, "3": {"execution_time": 0.3099520206451416, "passed": false}, "4": {"execution_time": 0.4118218421936035, "passed": false}, "5": {"execution_time": 0.34787845611572266, "passed": false}, "6": {"execution_time": 0.3252747058868408, "passed": false}, "7": {"execution_time": 0.3738672733306885, "passed": false}, "8": {"execution_time": 0.36289048194885254, "passed": false}, "9": {"execution_time": 0.5048136711120605, "passed": false}, "10": {"execution_time": 0.3674941062927246, "passed": false}, "11": {"execution_time": 0.373049259185791, "passed": false}}}, "check_style_score": "0/1"}