{"version": "1", "message": "ERROR: Hidden Testcases server unreachable.", "problem_id": "ads2_m2_a1_1", "user_id": "ASairithwikmahateja", "score": {"sample": {"0": {"execution_time": 0.5973443984985352, "passed": false}, "1": {"execution_time": 0.20676541328430176, "passed": false}, "2": {"execution_time": 0.23742294311523438, "passed": false}, "3": {"execution_time": 0.21532940864562988, "passed": false}, "4": {"execution_time": 0.28140735626220703, "passed": false}, "5": {"execution_time": 0.22621893882751465, "passed": false}, "6": {"execution_time": 0.21153044700622559, "passed": false}, "7": {"execution_time": 0.20871877670288086, "passed": false}, "8": {"execution_time": 0.20708489418029785, "passed": false}, "9": {"execution_time": 0.16853952407836914, "passed": false}, "10": {"execution_time": 0.21295905113220215, "passed": false}, "11": {"execution_time": 0.21215176582336426, "passed": false}, "12": {"execution_time": 0.21237421035766602, "passed": false}, "13": {"execution_time": 0.20419788360595703, "passed": false}, "14": {"execution_time": 0.3078622817993164, "passed": false}, "15": {"execution_time": 0.42499399185180664, "passed": false}, "16": {"execution_time": 0.20926952362060547, "passed": false}, "17": {"execution_time": 0.2014293670654297, "passed": false}, "18": {"execution_time": 0.2544066905975342, "passed": false}, "19": {"execution_time": 0.19323134422302246, "passed": false}, "20": {"execution_time": 0.18850255012512207, "passed": false}, "21": {"execution_time": 0.2789602279663086, "passed": false}, "22": {"execution_time": 0.197160005569458, "passed": false}, "23": {"execution_time": 0.37192344665527344, "passed": false}}}, "check_style_score": "0/1"}