{"version": "1", "message": "ERROR: Hidden Testcases server unreachable.", "problem_id": "ads2_m2_a1_1", "user_id": "ASairithwikmahateja", "score": {"sample": {"0": {"execution_time": 0.22429895401000977, "passed": false}, "1": {"execution_time": 0.19489240646362305, "passed": false}, "2": {"execution_time": 0.24502015113830566, "passed": false}, "3": {"execution_time": 0.2028496265411377, "passed": false}, "4": {"execution_time": 0.21335697174072266, "passed": true}, "5": {"execution_time": 0.19729876518249512, "passed": false}, "6": {"execution_time": 0.20652318000793457, "passed": false}, "7": {"execution_time": 0.2114710807800293, "passed": false}, "8": {"execution_time": 0.2038135528564453, "passed": true}, "9": {"execution_time": 0.308488130569458, "passed": false}, "10": {"execution_time": 0.26816439628601074, "passed": true}, "11": {"execution_time": 0.1937565803527832, "passed": true}, "12": {"execution_time": 0.3529376983642578, "passed": true}, "13": {"execution_time": 0.21993589401245117, "passed": false}, "14": {"execution_time": 0.20021724700927734, "passed": false}, "15": {"execution_time": 0.3028442859649658, "passed": false}, "16": {"execution_time": 0.4602799415588379, "passed": true}, "17": {"execution_time": 0.19048857688903809, "passed": true}, "18": {"execution_time": 0.40402913093566895, "passed": true}, "19": {"execution_time": 0.36966896057128906, "passed": true}, "20": {"execution_time": 0.261610746383667, "passed": true}, "21": {"execution_time": 0.341785192489624, "passed": true}, "22": {"execution_time": 0.3406181335449219, "passed": true}, "23": {"execution_time": 0.2988722324371338, "passed": true}}}, "check_style_score": "0/1"}