{"version": "1", "message": "ERROR: Hidden Testcases server unreachable.", "problem_id": "ads2_m2_a1_1", "user_id": "ASairithwikmahateja", "score": {"sample": {"0": {"execution_time": 0.25954389572143555, "passed": false}, "1": {"execution_time": 0.32733678817749023, "passed": false}, "2": {"execution_time": 0.2489006519317627, "passed": true}, "3": {"execution_time": 0.19145846366882324, "passed": false}, "4": {"execution_time": 0.21264410018920898, "passed": true}, "5": {"execution_time": 0.2238457202911377, "passed": false}, "6": {"execution_time": 0.24515891075134277, "passed": false}, "7": {"execution_time": 0.19540953636169434, "passed": false}, "8": {"execution_time": 0.2051527500152588, "passed": true}, "9": {"execution_time": 0.2151937484741211, "passed": false}, "10": {"execution_time": 0.31603550910949707, "passed": false}, "11": {"execution_time": 0.22139382362365723, "passed": false}, "12": {"execution_time": 0.18654990196228027, "passed": false}, "13": {"execution_time": 0.2524282932281494, "passed": false}, "14": {"execution_time": 0.28096508979797363, "passed": false}, "15": {"execution_time": 0.2850677967071533, "passed": false}, "16": {"execution_time": 0.4199032783508301, "passed": false}, "17": {"execution_time": 0.3166317939758301, "passed": false}, "18": {"execution_time": 0.45383596420288086, "passed": false}, "19": {"execution_time": 0.20154643058776855, "passed": false}, "20": {"execution_time": 0.48230862617492676, "passed": false}, "21": {"execution_time": 0.201033353805542, "passed": true}, "22": {"execution_time": 0.2113361358642578, "passed": false}, "23": {"execution_time": 0.21488046646118164, "passed": false}}}, "check_style_score": "0/1"}