{"version": "1", "message": "ERROR: Hidden Testcases server unreachable.", "problem_id": "ads2_m2_a1_1", "user_id": "ASairithwikmahateja", "score": {"sample": {"0": {"execution_time": 0.3578307628631592, "passed": false}, "1": {"execution_time": 0.2041938304901123, "passed": false}, "2": {"execution_time": 0.23479199409484863, "passed": false}, "3": {"execution_time": 0.21831893920898438, "passed": false}, "4": {"execution_time": 0.2257859706878662, "passed": false}, "5": {"execution_time": 0.2648792266845703, "passed": false}, "6": {"execution_time": 0.2362651824951172, "passed": false}, "7": {"execution_time": 0.2703225612640381, "passed": false}, "8": {"execution_time": 0.2063004970550537, "passed": false}, "9": {"execution_time": 0.31120800971984863, "passed": false}, "10": {"execution_time": 0.2372586727142334, "passed": false}, "11": {"execution_time": 0.20610642433166504, "passed": false}, "12": {"execution_time": 0.21291327476501465, "passed": false}, "13": {"execution_time": 0.21845412254333496, "passed": false}, "14": {"execution_time": 0.30893611907958984, "passed": false}, "15": {"execution_time": 0.4882473945617676, "passed": false}, "16": {"execution_time": 0.20291733741760254, "passed": false}, "17": {"execution_time": 0.2755720615386963, "passed": false}, "18": {"execution_time": 0.8264546394348145, "passed": false}, "19": {"execution_time": 0.2866554260253906, "passed": false}, "20": {"execution_time": 0.31067609786987305, "passed": false}, "21": {"execution_time": 0.31810855865478516, "passed": false}, "22": {"execution_time": 0.34031128883361816, "passed": false}, "23": {"execution_time": 0.4377608299255371, "passed": false}}}, "check_style_score": "0/1"}