{"version": "1", "message": "ERROR: Hidden Testcases server unreachable.", "problem_id": "ads2_m2_a1_1", "user_id": "ASairithwikmahateja", "score": {"sample": {"0": {"execution_time": 0.3223457336425781, "passed": false}, "1": {"execution_time": 0.34084534645080566, "passed": false}, "2": {"execution_time": 0.355731725692749, "passed": false}, "3": {"execution_time": 0.37830567359924316, "passed": false}, "4": {"execution_time": 0.4109916687011719, "passed": false}, "5": {"execution_time": 0.21220016479492188, "passed": false}, "6": {"execution_time": 0.21669578552246094, "passed": false}, "7": {"execution_time": 0.22894811630249023, "passed": false}, "8": {"execution_time": 0.210252046585083, "passed": false}, "9": {"execution_time": 0.2060248851776123, "passed": false}, "10": {"execution_time": 0.21375536918640137, "passed": false}, "11": {"execution_time": 0.26212501525878906, "passed": false}, "12": {"execution_time": 0.34473562240600586, "passed": false}, "13": {"execution_time": 0.37117528915405273, "passed": false}, "14": {"execution_time": 0.2088158130645752, "passed": false}, "15": {"execution_time": 0.337404727935791, "passed": false}, "16": {"execution_time": 0.20735931396484375, "passed": false}, "17": {"execution_time": 0.2536807060241699, "passed": false}, "18": {"execution_time": 0.7031378746032715, "passed": false}, "19": {"execution_time": 0.35500526428222656, "passed": false}, "20": {"execution_time": 0.21298813819885254, "passed": false}, "21": {"execution_time": 0.2050175666809082, "passed": false}, "22": {"execution_time": 0.210205078125, "passed": false}, "23": {"execution_time": 0.38072943687438965, "passed": false}}}, "check_style_score": "0/1"}