{"version": "1", "message": "ERROR: Hidden Testcases server unreachable.", "problem_id": "ads2_m2_a1_1", "user_id": "ASairithwikmahateja", "score": {"sample": {"0": {"execution_time": 0.20134997367858887, "passed": false}, "1": {"execution_time": 0.19213151931762695, "passed": false}, "2": {"execution_time": 0.26277899742126465, "passed": false}, "3": {"execution_time": 0.19249391555786133, "passed": false}, "4": {"execution_time": 0.19741129875183105, "passed": false}, "5": {"execution_time": 0.3288247585296631, "passed": false}, "6": {"execution_time": 0.22295808792114258, "passed": false}, "7": {"execution_time": 0.20769476890563965, "passed": false}, "8": {"execution_time": 0.19282221794128418, "passed": false}, "9": {"execution_time": 0.20430684089660645, "passed": false}, "10": {"execution_time": 0.2938041687011719, "passed": false}, "11": {"execution_time": 0.22343111038208008, "passed": false}, "12": {"execution_time": 0.2055981159210205, "passed": false}, "13": {"execution_time": 0.2618575096130371, "passed": false}, "14": {"execution_time": 0.2279365062713623, "passed": false}, "15": {"execution_time": 0.19799041748046875, "passed": false}, "16": {"execution_time": 0.20540714263916016, "passed": false}, "17": {"execution_time": 0.21012568473815918, "passed": false}, "18": {"execution_time": 0.3181791305541992, "passed": false}, "19": {"execution_time": 0.25719380378723145, "passed": false}, "20": {"execution_time": 0.2423241138458252, "passed": false}, "21": {"execution_time": 0.20562314987182617, "passed": false}, "22": {"execution_time": 0.2060534954071045, "passed": false}, "23": {"execution_time": 0.20822978019714355, "passed": false}}}, "check_style_score": "0/1"}