{"version": "1", "message": "ERROR: Hidden Testcases server unreachable.", "problem_id": "ads2_m2_a1_1", "user_id": "ASairithwikmahateja", "score": {"sample": {"0": {"execution_time": 0.2506875991821289, "passed": false}, "1": {"execution_time": 0.3471355438232422, "passed": false}, "2": {"execution_time": 0.21036839485168457, "passed": false}, "3": {"execution_time": 0.27373576164245605, "passed": false}, "4": {"execution_time": 0.2327117919921875, "passed": false}, "5": {"execution_time": 0.2732405662536621, "passed": false}, "6": {"execution_time": 0.2872011661529541, "passed": false}, "7": {"execution_time": 0.22599434852600098, "passed": false}, "8": {"execution_time": 0.2071061134338379, "passed": false}, "9": {"execution_time": 0.21151423454284668, "passed": false}, "10": {"execution_time": 0.22479534149169922, "passed": false}, "11": {"execution_time": 0.20709943771362305, "passed": false}, "12": {"execution_time": 0.2422778606414795, "passed": false}, "13": {"execution_time": 0.2292766571044922, "passed": false}, "14": {"execution_time": 0.21199584007263184, "passed": false}, "15": {"execution_time": 0.3084564208984375, "passed": false}, "16": {"execution_time": 0.31219935417175293, "passed": false}, "17": {"execution_time": 0.3174624443054199, "passed": false}, "18": {"execution_time": 0.30420613288879395, "passed": false}, "19": {"execution_time": 0.32575321197509766, "passed": false}, "20": {"execution_time": 0.44484472274780273, "passed": false}, "21": {"execution_time": 0.28085994720458984, "passed": false}, "22": {"execution_time": 1.124873399734497, "passed": false}, "23": {"execution_time": 0.8377156257629395, "passed": false}}}, "check_style_score": "0/1"}