{"version": "1", "message": "ERROR: Hidden Testcases server unreachable.", "problem_id": "ads2_m2_a1_1", "user_id": "ASairithwikmahateja", "score": {"sample": {"0": {"execution_time": 0.25423645973205566, "passed": false}, "1": {"execution_time": 0.2287445068359375, "passed": false}, "2": {"execution_time": 0.25673675537109375, "passed": false}, "3": {"execution_time": 0.20195436477661133, "passed": false}, "4": {"execution_time": 0.2030632495880127, "passed": false}, "5": {"execution_time": 0.20460724830627441, "passed": false}, "6": {"execution_time": 0.2657499313354492, "passed": false}, "7": {"execution_time": 0.36253905296325684, "passed": false}, "8": {"execution_time": 0.35773396492004395, "passed": false}, "9": {"execution_time": 0.18824005126953125, "passed": false}, "10": {"execution_time": 0.2740023136138916, "passed": false}, "11": {"execution_time": 0.22275853157043457, "passed": false}, "12": {"execution_time": 0.2338259220123291, "passed": false}, "13": {"execution_time": 0.23425650596618652, "passed": false}, "14": {"execution_time": 0.3560962677001953, "passed": false}, "15": {"execution_time": 0.21169805526733398, "passed": false}, "16": {"execution_time": 0.2213432788848877, "passed": false}, "17": {"execution_time": 0.20909905433654785, "passed": false}, "18": {"execution_time": 0.21496200561523438, "passed": false}, "19": {"execution_time": 0.21918463706970215, "passed": false}, "20": {"execution_time": 0.21042728424072266, "passed": false}, "21": {"execution_time": 0.20640993118286133, "passed": false}, "22": {"execution_time": 0.21950078010559082, "passed": false}, "23": {"execution_time": 0.23226523399353027, "passed": false}}}, "check_style_score": "0/1"}