{"version": "1", "message": "ERROR: Hidden Testcases server unreachable.", "problem_id": "ads2_m2_a1_1", "user_id": "ASairithwikmahateja", "score": {"sample": {"0": {"execution_time": 0.4536726474761963, "passed": false}, "1": {"execution_time": 0.3237264156341553, "passed": false}, "2": {"execution_time": 0.24680590629577637, "passed": false}, "3": {"execution_time": 0.18305110931396484, "passed": false}, "4": {"execution_time": 0.24495983123779297, "passed": false}, "5": {"execution_time": 0.2391355037689209, "passed": false}, "6": {"execution_time": 0.21331024169921875, "passed": false}, "7": {"execution_time": 0.19838786125183105, "passed": false}, "8": {"execution_time": 0.3466002941131592, "passed": false}, "9": {"execution_time": 0.38451409339904785, "passed": false}, "10": {"execution_time": 0.4554474353790283, "passed": false}, "11": {"execution_time": 0.2770066261291504, "passed": false}, "12": {"execution_time": 0.2930788993835449, "passed": false}, "13": {"execution_time": 0.34010934829711914, "passed": false}, "14": {"execution_time": 0.2885727882385254, "passed": false}, "15": {"execution_time": 0.566596508026123, "passed": false}, "16": {"execution_time": 0.3181169033050537, "passed": false}, "17": {"execution_time": 0.3464670181274414, "passed": false}, "18": {"execution_time": 1.0863885879516602, "passed": false}, "19": {"execution_time": 0.3897590637207031, "passed": false}, "20": {"execution_time": 0.27008557319641113, "passed": false}, "21": {"execution_time": 0.2635061740875244, "passed": false}, "22": {"execution_time": 0.26223325729370117, "passed": false}, "23": {"execution_time": 0.30289697647094727, "passed": false}}}, "check_style_score": "0/1"}