{"version": "1", "message": "ERROR: Hidden Testcases server unreachable.", "problem_id": "ads2_m2_a1_1", "user_id": "ASairithwikmahateja", "score": {"sample": {"0": {"execution_time": 0.1977534294128418, "passed": true}, "1": {"execution_time": 0.20790958404541016, "passed": true}, "2": {"execution_time": 0.20417165756225586, "passed": false}, "3": {"execution_time": 0.20040416717529297, "passed": false}, "4": {"execution_time": 0.2057051658630371, "passed": false}, "5": {"execution_time": 0.19732880592346191, "passed": true}, "6": {"execution_time": 0.23946595191955566, "passed": false}, "7": {"execution_time": 0.2115182876586914, "passed": false}, "8": {"execution_time": 0.2427825927734375, "passed": false}, "9": {"execution_time": 0.20920300483703613, "passed": false}, "10": {"execution_time": 0.20495128631591797, "passed": false}, "11": {"execution_time": 0.20709609985351562, "passed": false}, "12": {"execution_time": 0.19664597511291504, "passed": false}, "13": {"execution_time": 0.22269344329833984, "passed": true}, "14": {"execution_time": 0.20151376724243164, "passed": false}, "15": {"execution_time": 0.27672338485717773, "passed": true}, "16": {"execution_time": 0.22449707984924316, "passed": false}, "17": {"execution_time": 0.3220217227935791, "passed": false}, "18": {"execution_time": 0.33853864669799805, "passed": false}, "19": {"execution_time": 0.21047210693359375, "passed": false}, "20": {"execution_time": 0.2129209041595459, "passed": false}, "21": {"execution_time": 0.2584054470062256, "passed": false}, "22": {"execution_time": 0.3199269771575928, "passed": false}, "23": {"execution_time": 0.22072982788085938, "passed": false}}}, "check_style_score": "0/1"}