{"version": "1", "message": "ERROR: Hidden Testcases server unreachable.", "problem_id": "ads2_m2_a1_1", "user_id": "ASairithwikmahateja", "score": {"sample": {"0": {"execution_time": 0.41478514671325684, "passed": false}, "1": {"execution_time": 0.2083897590637207, "passed": false}, "2": {"execution_time": 0.28224992752075195, "passed": false}, "3": {"execution_time": 0.22171473503112793, "passed": false}, "4": {"execution_time": 0.3953816890716553, "passed": false}, "5": {"execution_time": 0.2824840545654297, "passed": false}, "6": {"execution_time": 0.20172524452209473, "passed": false}, "7": {"execution_time": 0.21855950355529785, "passed": false}, "8": {"execution_time": 0.2585108280181885, "passed": false}, "9": {"execution_time": 0.18609166145324707, "passed": false}, "10": {"execution_time": 0.17830419540405273, "passed": false}, "11": {"execution_time": 0.2028656005859375, "passed": false}, "12": {"execution_time": 0.21551275253295898, "passed": false}, "13": {"execution_time": 0.2408742904663086, "passed": false}, "14": {"execution_time": 0.293182373046875, "passed": false}, "15": {"execution_time": 0.3114891052246094, "passed": false}, "16": {"execution_time": 0.214707612991333, "passed": false}, "17": {"execution_time": 0.31089019775390625, "passed": false}, "18": {"execution_time": 0.3663308620452881, "passed": false}, "19": {"execution_time": 0.2995727062225342, "passed": false}, "20": {"execution_time": 0.2980973720550537, "passed": false}, "21": {"execution_time": 0.3134183883666992, "passed": false}, "22": {"execution_time": 0.30259227752685547, "passed": false}, "23": {"execution_time": 0.20827221870422363, "passed": false}}}, "check_style_score": "0/1"}