{"version": "1", "message": "ERROR: Hidden Testcases server unreachable.", "problem_id": "ads2_m2_a1_1", "user_id": "ASairithwikmahateja", "score": {"sample": {"0": {"execution_time": 0.2058699131011963, "passed": false}, "1": {"execution_time": 0.21480345726013184, "passed": false}, "2": {"execution_time": 0.21213912963867188, "passed": true}, "3": {"execution_time": 0.22898268699645996, "passed": false}, "4": {"execution_time": 0.2112886905670166, "passed": true}, "5": {"execution_time": 0.3038642406463623, "passed": false}, "6": {"execution_time": 0.27579593658447266, "passed": false}, "7": {"execution_time": 0.23200535774230957, "passed": false}, "8": {"execution_time": 0.19973540306091309, "passed": true}, "9": {"execution_time": 0.2259354591369629, "passed": false}, "10": {"execution_time": 0.23062634468078613, "passed": true}, "11": {"execution_time": 0.21019458770751953, "passed": true}, "12": {"execution_time": 0.39853453636169434, "passed": true}, "13": {"execution_time": 0.1952371597290039, "passed": false}, "14": {"execution_time": 0.21593642234802246, "passed": false}, "15": {"execution_time": 0.33116745948791504, "passed": false}, "16": {"execution_time": 0.33159494400024414, "passed": true}, "17": {"execution_time": 0.21853160858154297, "passed": true}, "18": {"execution_time": 0.32125282287597656, "passed": true}, "19": {"execution_time": 0.30369043350219727, "passed": true}, "20": {"execution_time": 0.21241998672485352, "passed": true}, "21": {"execution_time": 0.21302342414855957, "passed": true}, "22": {"execution_time": 0.20832324028015137, "passed": true}, "23": {"execution_time": 0.2881004810333252, "passed": true}}}, "check_style_score": "0/1"}