{"version": "1", "message": "ERROR: Hidden Testcases server unreachable.", "problem_id": "ads2_m2_a1_1", "user_id": "ASairithwikmahateja", "score": {"sample": {"0": {"execution_time": 0.3199644088745117, "passed": false}, "1": {"execution_time": 0.21583771705627441, "passed": false}, "2": {"execution_time": 0.19637179374694824, "passed": false}, "3": {"execution_time": 0.20334410667419434, "passed": true}, "4": {"execution_time": 0.2106935977935791, "passed": false}, "5": {"execution_time": 0.27413058280944824, "passed": true}, "6": {"execution_time": 0.2755918502807617, "passed": false}, "7": {"execution_time": 0.42261290550231934, "passed": false}, "8": {"execution_time": 0.28284740447998047, "passed": false}, "9": {"execution_time": 0.3098623752593994, "passed": false}, "10": {"execution_time": 0.3099367618560791, "passed": false}, "11": {"execution_time": 0.3638725280761719, "passed": false}, "12": {"execution_time": 0.21061348915100098, "passed": false}, "13": {"execution_time": 0.20681381225585938, "passed": false}, "14": {"execution_time": 0.31789565086364746, "passed": false}, "15": {"execution_time": 0.32178688049316406, "passed": false}, "16": {"execution_time": 0.17162823677062988, "passed": false}, "17": {"execution_time": 0.24365687370300293, "passed": false}, "18": {"execution_time": 0.341869592666626, "passed": false}, "19": {"execution_time": 0.28474926948547363, "passed": false}, "20": {"execution_time": 0.20186424255371094, "passed": false}, "21": {"execution_time": 0.1991724967956543, "passed": false}, "22": {"execution_time": 0.21612262725830078, "passed": false}, "23": {"execution_time": 0.20353984832763672, "passed": false}}}, "check_style_score": "0/1"}