{"version": "1", "message": "ERROR: Hidden Testcases server unreachable.", "problem_id": "ads2_m2_a1_1", "user_id": "ASairithwikmahateja", "score": {"sample": {"0": {"execution_time": 0.26572227478027344, "passed": false}, "1": {"execution_time": 0.21459150314331055, "passed": false}, "2": {"execution_time": 0.24527573585510254, "passed": false}, "3": {"execution_time": 0.21355485916137695, "passed": false}, "4": {"execution_time": 0.23451805114746094, "passed": false}, "5": {"execution_time": 0.2947351932525635, "passed": false}, "6": {"execution_time": 0.2020258903503418, "passed": false}, "7": {"execution_time": 0.2097945213317871, "passed": false}, "8": {"execution_time": 0.20732569694519043, "passed": false}, "9": {"execution_time": 0.18884992599487305, "passed": false}, "10": {"execution_time": 0.2147078514099121, "passed": false}, "11": {"execution_time": 0.20551109313964844, "passed": false}, "12": {"execution_time": 0.2944321632385254, "passed": false}, "13": {"execution_time": 0.21072649955749512, "passed": false}, "14": {"execution_time": 0.3013298511505127, "passed": false}, "15": {"execution_time": 0.2407832145690918, "passed": false}, "16": {"execution_time": 0.2072298526763916, "passed": false}, "17": {"execution_time": 0.2023618221282959, "passed": false}, "18": {"execution_time": 0.23474955558776855, "passed": false}, "19": {"execution_time": 0.26754188537597656, "passed": false}, "20": {"execution_time": 0.2006819248199463, "passed": false}, "21": {"execution_time": 0.20752310752868652, "passed": false}, "22": {"execution_time": 0.20448803901672363, "passed": false}, "23": {"execution_time": 0.20432567596435547, "passed": false}}}, "check_style_score": "0/1"}