{"version": "1", "message": "ERROR: Hidden Testcases server unreachable.", "problem_id": "ads2_m2_a1_1", "user_id": "ASairithwikmahateja", "score": {"sample": {"0": {"execution_time": 0.24532222747802734, "passed": false}, "1": {"execution_time": 0.2184765338897705, "passed": false}, "2": {"execution_time": 0.2526414394378662, "passed": false}, "3": {"execution_time": 0.23960351943969727, "passed": false}, "4": {"execution_time": 0.22518706321716309, "passed": false}, "5": {"execution_time": 0.5114717483520508, "passed": false}, "6": {"execution_time": 0.3010551929473877, "passed": false}, "7": {"execution_time": 0.29488062858581543, "passed": false}, "8": {"execution_time": 0.28420472145080566, "passed": false}, "9": {"execution_time": 0.374814510345459, "passed": false}, "10": {"execution_time": 0.3645358085632324, "passed": false}, "11": {"execution_time": 0.2978019714355469, "passed": false}, "12": {"execution_time": 0.19880294799804688, "passed": false}, "13": {"execution_time": 0.2040538787841797, "passed": false}, "14": {"execution_time": 0.2018420696258545, "passed": false}, "15": {"execution_time": 0.2577495574951172, "passed": false}, "16": {"execution_time": 0.364424467086792, "passed": false}, "17": {"execution_time": 0.3593428134918213, "passed": false}, "18": {"execution_time": 0.30305027961730957, "passed": false}, "19": {"execution_time": 0.30542635917663574, "passed": false}, "20": {"execution_time": 0.2045738697052002, "passed": false}, "21": {"execution_time": 0.24768853187561035, "passed": false}, "22": {"execution_time": 0.30881595611572266, "passed": false}, "23": {"execution_time": 0.3723142147064209, "passed": false}}}, "check_style_score": "0/1"}