{"version": "1", "message": "ERROR: Hidden Testcases server unreachable.", "problem_id": "ads2_m2_a1_1", "user_id": "ASairithwikmahateja", "score": {"sample": {"0": {"execution_time": 0.2543933391571045, "passed": false}, "1": {"execution_time": 0.2764773368835449, "passed": false}, "2": {"execution_time": 0.35764122009277344, "passed": false}, "3": {"execution_time": 0.19005107879638672, "passed": false}, "4": {"execution_time": 0.3040907382965088, "passed": false}, "5": {"execution_time": 0.2703537940979004, "passed": false}, "6": {"execution_time": 0.35196852684020996, "passed": false}, "7": {"execution_time": 0.33260655403137207, "passed": false}, "8": {"execution_time": 0.3493306636810303, "passed": false}, "9": {"execution_time": 0.5007965564727783, "passed": false}, "10": {"execution_time": 0.3040332794189453, "passed": false}, "11": {"execution_time": 0.30591702461242676, "passed": false}, "12": {"execution_time": 0.37741661071777344, "passed": false}, "13": {"execution_time": 0.34252262115478516, "passed": false}, "14": {"execution_time": 0.31642723083496094, "passed": false}, "15": {"execution_time": 0.33809375762939453, "passed": false}, "16": {"execution_time": 0.3629927635192871, "passed": false}, "17": {"execution_time": 0.35817551612854004, "passed": false}, "18": {"execution_time": 0.42543530464172363, "passed": false}, "19": {"execution_time": 0.3974952697753906, "passed": false}, "20": {"execution_time": 0.4205436706542969, "passed": false}, "21": {"execution_time": 0.43235135078430176, "passed": false}, "22": {"execution_time": 0.33173513412475586, "passed": false}, "23": {"execution_time": 0.40609121322631836, "passed": false}}}, "check_style_score": "0/1"}