{"version": "1", "message": "ERROR: Hidden Testcases server unreachable.", "problem_id": "ads2_m2_a1_1", "user_id": "ASairithwikmahateja", "score": {"sample": {"0": {"execution_time": 0.2289118766784668, "passed": false}, "1": {"execution_time": 0.18697762489318848, "passed": false}, "2": {"execution_time": 0.2125868797302246, "passed": false}, "3": {"execution_time": 0.338392972946167, "passed": false}, "4": {"execution_time": 0.22463488578796387, "passed": false}, "5": {"execution_time": 0.20789003372192383, "passed": false}, "6": {"execution_time": 0.2175300121307373, "passed": false}, "7": {"execution_time": 0.34796571731567383, "passed": false}, "8": {"execution_time": 0.19304442405700684, "passed": false}, "9": {"execution_time": 0.2979755401611328, "passed": false}, "10": {"execution_time": 0.19442200660705566, "passed": false}, "11": {"execution_time": 0.28325533866882324, "passed": false}, "12": {"execution_time": 0.20669293403625488, "passed": false}, "13": {"execution_time": 0.19839930534362793, "passed": false}, "14": {"execution_time": 0.23809552192687988, "passed": false}, "15": {"execution_time": 0.27717137336730957, "passed": false}, "16": {"execution_time": 0.3105437755584717, "passed": false}, "17": {"execution_time": 0.2093343734741211, "passed": false}, "18": {"execution_time": 0.24761652946472168, "passed": false}, "19": {"execution_time": 0.2859506607055664, "passed": false}, "20": {"execution_time": 0.21414422988891602, "passed": false}, "21": {"execution_time": 0.2052311897277832, "passed": false}, "22": {"execution_time": 0.22285723686218262, "passed": false}, "23": {"execution_time": 0.2229607105255127, "passed": false}}}, "check_style_score": "0/1"}