{"version": "1", "message": "ERROR: Hidden Testcases server unreachable.", "problem_id": "ads2_m2_a1_1", "user_id": "ASairithwikmahateja", "score": {"sample": {"0": {"execution_time": 0.2796008586883545, "passed": false}, "1": {"execution_time": 0.20806455612182617, "passed": false}, "2": {"execution_time": 0.2910645008087158, "passed": false}, "3": {"execution_time": 0.22700715065002441, "passed": false}, "4": {"execution_time": 0.2045297622680664, "passed": false}, "5": {"execution_time": 0.20726418495178223, "passed": false}, "6": {"execution_time": 0.1731419563293457, "passed": false}, "7": {"execution_time": 0.20687246322631836, "passed": false}, "8": {"execution_time": 0.24955105781555176, "passed": false}, "9": {"execution_time": 0.19949960708618164, "passed": false}, "10": {"execution_time": 0.21522831916809082, "passed": false}, "11": {"execution_time": 0.21946930885314941, "passed": false}, "12": {"execution_time": 0.21933817863464355, "passed": false}, "13": {"execution_time": 0.20757007598876953, "passed": false}, "14": {"execution_time": 0.21338295936584473, "passed": false}, "15": {"execution_time": 0.20725727081298828, "passed": false}, "16": {"execution_time": 0.2585484981536865, "passed": false}, "17": {"execution_time": 0.1948552131652832, "passed": false}, "18": {"execution_time": 0.22648072242736816, "passed": false}, "19": {"execution_time": 0.2537229061126709, "passed": false}, "20": {"execution_time": 0.21722793579101562, "passed": false}, "21": {"execution_time": 0.2061009407043457, "passed": false}, "22": {"execution_time": 0.2487351894378662, "passed": false}, "23": {"execution_time": 0.2493736743927002, "passed": false}}}, "check_style_score": "0/1"}