{"version": "1", "message": "ERROR: Hidden Testcases server unreachable.", "problem_id": "ads2_m2_a1_1", "user_id": "ASairithwikmahateja", "score": {"sample": {"0": {"execution_time": 0.19511723518371582, "passed": false}, "1": {"execution_time": 0.17894649505615234, "passed": false}, "2": {"execution_time": 0.1918182373046875, "passed": false}, "3": {"execution_time": 0.19357681274414062, "passed": true}, "4": {"execution_time": 0.17734861373901367, "passed": false}, "5": {"execution_time": 0.19041967391967773, "passed": false}, "6": {"execution_time": 0.19008898735046387, "passed": false}, "7": {"execution_time": 0.1804513931274414, "passed": false}, "8": {"execution_time": 0.18549299240112305, "passed": false}, "9": {"execution_time": 0.18136286735534668, "passed": false}, "10": {"execution_time": 0.1952831745147705, "passed": false}, "11": {"execution_time": 0.19173765182495117, "passed": false}, "12": {"execution_time": 0.17807340621948242, "passed": false}, "13": {"execution_time": 0.1905357837677002, "passed": false}, "14": {"execution_time": 0.20994186401367188, "passed": false}, "15": {"execution_time": 0.20615386962890625, "passed": false}, "16": {"execution_time": 0.2101118564605713, "passed": false}, "17": {"execution_time": 0.21315479278564453, "passed": false}, "18": {"execution_time": 0.1996612548828125, "passed": false}, "19": {"execution_time": 0.19353580474853516, "passed": false}, "20": {"execution_time": 0.19442057609558105, "passed": false}, "21": {"execution_time": 0.2111501693725586, "passed": false}, "22": {"execution_time": 0.2207508087158203, "passed": false}, "23": {"execution_time": 0.2061467170715332, "passed": false}}}, "check_style_score": "0/1"}