{"version": "1", "message": "ERROR: Hidden Testcases server unreachable.", "problem_id": "ads2_m2_a1_1", "user_id": "ASairithwikmahateja", "score": {"sample": {"0": {"execution_time": 0.21306061744689941, "passed": false}, "1": {"execution_time": 0.2154996395111084, "passed": false}, "2": {"execution_time": 0.20276784896850586, "passed": false}, "3": {"execution_time": 0.22838902473449707, "passed": false}, "4": {"execution_time": 0.2946052551269531, "passed": false}, "5": {"execution_time": 0.19616460800170898, "passed": false}, "6": {"execution_time": 0.3895087242126465, "passed": false}, "7": {"execution_time": 0.26804494857788086, "passed": false}, "8": {"execution_time": 0.22872114181518555, "passed": false}, "9": {"execution_time": 0.23244309425354004, "passed": false}, "10": {"execution_time": 0.20395278930664062, "passed": true}, "11": {"execution_time": 0.23940205574035645, "passed": true}, "12": {"execution_time": 0.20593476295471191, "passed": true}, "13": {"execution_time": 0.43761372566223145, "passed": false}, "14": {"execution_time": 0.26435089111328125, "passed": false}, "15": {"execution_time": 0.3162415027618408, "passed": false}, "16": {"execution_time": 0.27846360206604004, "passed": true}, "17": {"execution_time": 0.30466675758361816, "passed": true}, "18": {"execution_time": 0.3532984256744385, "passed": true}, "19": {"execution_time": 0.28544116020202637, "passed": true}, "20": {"execution_time": 0.2602243423461914, "passed": true}, "21": {"execution_time": 0.3501400947570801, "passed": false}, "22": {"execution_time": 0.3238492012023926, "passed": true}, "23": {"execution_time": 0.32060933113098145, "passed": true}}}, "check_style_score": "0/1"}