{"version": "1", "message": "ERROR: Hidden Testcases server unreachable.", "problem_id": "ads2_m2_a1_1", "user_id": "ASairithwikmahateja", "score": {"sample": {"0": {"execution_time": 0.22249388694763184, "passed": true}, "1": {"execution_time": 0.2243518829345703, "passed": true}, "2": {"execution_time": 0.3799006938934326, "passed": false}, "3": {"execution_time": 0.2987184524536133, "passed": false}, "4": {"execution_time": 0.22352385520935059, "passed": false}, "5": {"execution_time": 0.391005277633667, "passed": true}, "6": {"execution_time": 0.21075820922851562, "passed": false}, "7": {"execution_time": 0.20010876655578613, "passed": false}, "8": {"execution_time": 0.22111940383911133, "passed": false}, "9": {"execution_time": 0.23135614395141602, "passed": false}, "10": {"execution_time": 0.2618844509124756, "passed": false}, "11": {"execution_time": 0.2032480239868164, "passed": false}, "12": {"execution_time": 0.2373359203338623, "passed": false}, "13": {"execution_time": 0.195817232131958, "passed": true}, "14": {"execution_time": 0.17662310600280762, "passed": false}, "15": {"execution_time": 0.3066740036010742, "passed": true}, "16": {"execution_time": 0.21373200416564941, "passed": false}, "17": {"execution_time": 0.3035247325897217, "passed": false}, "18": {"execution_time": 0.2046496868133545, "passed": false}, "19": {"execution_time": 0.33284473419189453, "passed": false}, "20": {"execution_time": 0.20972251892089844, "passed": false}, "21": {"execution_time": 0.3208169937133789, "passed": false}, "22": {"execution_time": 0.19646763801574707, "passed": false}, "23": {"execution_time": 0.21351933479309082, "passed": false}}}, "check_style_score": "0/1"}