{"version": "1", "message": "ERROR: Hidden Testcases server unreachable.", "problem_id": "ads2_m2_a1_1", "user_id": "ASairithwikmahateja", "score": {"sample": {"0": {"execution_time": 0.22777986526489258, "passed": false}, "1": {"execution_time": 0.2415621280670166, "passed": false}, "2": {"execution_time": 0.2640194892883301, "passed": false}, "3": {"execution_time": 0.20226001739501953, "passed": false}, "4": {"execution_time": 0.19932031631469727, "passed": true}, "5": {"execution_time": 0.19632840156555176, "passed": false}, "6": {"execution_time": 0.25300073623657227, "passed": false}, "7": {"execution_time": 0.2571704387664795, "passed": false}, "8": {"execution_time": 0.2262401580810547, "passed": true}, "9": {"execution_time": 0.2740752696990967, "passed": false}, "10": {"execution_time": 0.3166971206665039, "passed": true}, "11": {"execution_time": 0.18309855461120605, "passed": true}, "12": {"execution_time": 0.20748186111450195, "passed": true}, "13": {"execution_time": 0.20923757553100586, "passed": false}, "14": {"execution_time": 0.20870494842529297, "passed": false}, "15": {"execution_time": 0.25132250785827637, "passed": false}, "16": {"execution_time": 0.24974989891052246, "passed": true}, "17": {"execution_time": 0.27611470222473145, "passed": true}, "18": {"execution_time": 0.29768919944763184, "passed": true}, "19": {"execution_time": 0.19896721839904785, "passed": true}, "20": {"execution_time": 0.20005297660827637, "passed": true}, "21": {"execution_time": 0.20035696029663086, "passed": true}, "22": {"execution_time": 0.20470666885375977, "passed": true}, "23": {"execution_time": 0.1831190586090088, "passed": true}}}, "check_style_score": "0/1"}