{"version": "1", "message": "ERROR: Hidden Testcases server unreachable.", "problem_id": "ads2_m2_a1_1", "user_id": "ASairithwikmahateja", "score": {"sample": {"0": {"execution_time": 0.21902990341186523, "passed": false}, "1": {"execution_time": 0.19725513458251953, "passed": false}, "2": {"execution_time": 0.22098016738891602, "passed": false}, "3": {"execution_time": 0.21315598487854004, "passed": false}, "4": {"execution_time": 0.34870338439941406, "passed": false}, "5": {"execution_time": 0.2513589859008789, "passed": false}, "6": {"execution_time": 0.2843456268310547, "passed": false}, "7": {"execution_time": 0.17795395851135254, "passed": false}, "8": {"execution_time": 0.18647027015686035, "passed": false}, "9": {"execution_time": 0.2045753002166748, "passed": false}, "10": {"execution_time": 0.20122075080871582, "passed": false}, "11": {"execution_time": 0.18530035018920898, "passed": false}, "12": {"execution_time": 0.30675840377807617, "passed": false}, "13": {"execution_time": 0.20272541046142578, "passed": false}, "14": {"execution_time": 0.2380363941192627, "passed": false}, "15": {"execution_time": 0.40670251846313477, "passed": false}, "16": {"execution_time": 0.31478309631347656, "passed": false}, "17": {"execution_time": 0.3179945945739746, "passed": false}, "18": {"execution_time": 0.24978399276733398, "passed": false}, "19": {"execution_time": 0.4002258777618408, "passed": false}, "20": {"execution_time": 0.26666259765625, "passed": false}, "21": {"execution_time": 0.2178666591644287, "passed": false}, "22": {"execution_time": 0.22026610374450684, "passed": false}, "23": {"execution_time": 0.20433640480041504, "passed": false}}}, "check_style_score": "0/1"}