{"version": "1", "message": "ERROR: Hidden Testcases server unreachable.", "problem_id": "ads2_m2_a1_1", "user_id": "ASairithwikmahateja", "score": {"sample": {"0": {"execution_time": 0.23343968391418457, "passed": false}, "1": {"execution_time": 0.23574113845825195, "passed": false}, "2": {"execution_time": 0.208892822265625, "passed": false}, "3": {"execution_time": 0.19414210319519043, "passed": false}, "4": {"execution_time": 0.23949408531188965, "passed": false}, "5": {"execution_time": 0.26643824577331543, "passed": false}, "6": {"execution_time": 0.23074126243591309, "passed": false}, "7": {"execution_time": 0.20004916191101074, "passed": false}, "8": {"execution_time": 0.20114421844482422, "passed": false}, "9": {"execution_time": 0.19272708892822266, "passed": false}, "10": {"execution_time": 0.27875494956970215, "passed": false}, "11": {"execution_time": 0.19468283653259277, "passed": false}, "12": {"execution_time": 0.36191701889038086, "passed": false}, "13": {"execution_time": 0.2775094509124756, "passed": false}, "14": {"execution_time": 0.20917630195617676, "passed": false}, "15": {"execution_time": 0.344681978225708, "passed": false}, "16": {"execution_time": 0.23607492446899414, "passed": false}, "17": {"execution_time": 0.23893475532531738, "passed": false}, "18": {"execution_time": 0.25212597846984863, "passed": false}, "19": {"execution_time": 0.21036958694458008, "passed": false}, "20": {"execution_time": 0.22512531280517578, "passed": false}, "21": {"execution_time": 0.23345136642456055, "passed": false}, "22": {"execution_time": 0.20431900024414062, "passed": false}, "23": {"execution_time": 0.29736924171447754, "passed": false}}}, "check_style_score": "0/1"}