{"version": "1", "message": "ERROR: Hidden Testcases server unreachable.", "problem_id": "ads2_m2_a1_1", "user_id": "ASairithwikmahateja", "score": {"sample": {"0": {"execution_time": 0.20566177368164062, "passed": false}, "1": {"execution_time": 0.2133324146270752, "passed": false}, "2": {"execution_time": 0.22489643096923828, "passed": false}, "3": {"execution_time": 0.20817351341247559, "passed": false}, "4": {"execution_time": 0.2096843719482422, "passed": true}, "5": {"execution_time": 0.19202327728271484, "passed": false}, "6": {"execution_time": 0.20678281784057617, "passed": false}, "7": {"execution_time": 0.20167112350463867, "passed": false}, "8": {"execution_time": 0.18720316886901855, "passed": true}, "9": {"execution_time": 0.22243928909301758, "passed": false}, "10": {"execution_time": 0.20457220077514648, "passed": true}, "11": {"execution_time": 0.4201533794403076, "passed": true}, "12": {"execution_time": 0.21799826622009277, "passed": true}, "13": {"execution_time": 0.3864872455596924, "passed": false}, "14": {"execution_time": 0.17887306213378906, "passed": false}, "15": {"execution_time": 0.24804949760437012, "passed": false}, "16": {"execution_time": 0.21379327774047852, "passed": true}, "17": {"execution_time": 0.26488280296325684, "passed": true}, "18": {"execution_time": 0.25255370140075684, "passed": true}, "19": {"execution_time": 0.18020415306091309, "passed": true}, "20": {"execution_time": 0.20603609085083008, "passed": true}, "21": {"execution_time": 0.2575078010559082, "passed": true}, "22": {"execution_time": 0.201218843460083, "passed": true}, "23": {"execution_time": 0.20844507217407227, "passed": true}}}, "check_style_score": "0/1"}